timeStamp,elapsed,label,responseCode,responseMessage,threadName,dataType,success,failureMessage,bytes,sentBytes,grpThreads,allThreads,URL,Latency,IdleTime,Connect
1585851295775,61529,localhost Memory,,,,,true,,0,0,0,0,null,0,0,0
1585851295775,14264,localhost CPU,,,,,true,,0,0,0,0,null,0,0,0
1585851295775,0,localhost Disks I/O,,,,,true,,0,0,0,0,null,0,0,0
1585851296776,61543,localhost Memory,,,,,true,,0,0,0,0,null,0,0,0
1585851296776,12100,localhost CPU,,,,,true,,0,0,0,0,null,0,0,0
1585851296776,0,localhost Disks I/O,,,,,true,,0,0,0,0,null,0,0,0
1585851297776,61577,localhost Memory,,,,,true,,0,0,0,0,null,0,0,0
1585851297776,12425,localhost CPU,,,,,true,,0,0,0,0,null,0,0,0
1585851297776,0,localhost Disks I/O,,,,,true,,0,0,0,0,null,0,0,0
1585851298776,61578,localhost Memory,,,,,true,,0,0,0,0,null,0,0,0
1585851298776,12453,localhost CPU,,,,,true,,0,0,0,0,null,0,0,0
1585851298776,0,localhost Disks I/O,,,,,true,,0,0,0,0,null,0,0,0
1585851299777,61578,localhost Memory,,,,,true,,0,0,0,0,null,0,0,0
1585851299777,12496,localhost CPU,,,,,true,,0,0,0,0,null,0,0,0
1585851299777,0,localhost Disks I/O,,,,,true,,0,0,0,0,null,0,0,0
1585851300777,61674,localhost Memory,,,,,true,,0,0,0,0,null,0,0,0
1585851300777,9022,localhost CPU,,,,,true,,0,0,0,0,null,0,0,0
1585851300777,0,localhost Disks I/O,,,,,true,,0,0,0,0,null,0,0,0
1585851301778,61681,localhost Memory,,,,,true,,0,0,0,0,null,0,0,0
1585851301778,18585,localhost CPU,,,,,true,,0,0,0,0,null,0,0,0
1585851301778,0,localhost Disks I/O,,,,,true,,0,0,0,0,null,0,0,0
1585851302778,61696,localhost Memory,,,,,true,,0,0,0,0,null,0,0,0
1585851302778,10755,localhost CPU,,,,,true,,0,0,0,0,null,0,0,0
1585851302778,0,localhost Disks I/O,,,,,true,,0,0,0,0,null,0,0,0
1585851303779,61696,localhost Memory,,,,,true,,0,0,0,0,null,0,0,0
1585851303779,13300,localhost CPU,,,,,true,,0,0,0,0,null,0,0,0
1585851303779,0,localhost Disks I/O,,,,,true,,0,0,0,0,null,0,0,0
1585851304780,61696,localhost Memory,,,,,true,,0,0,0,0,null,0,0,0
1585851304780,11305,localhost CPU,,,,,true,,0,0,0,0,null,0,0,0
1585851304780,0,localhost Disks I/O,,,,,true,,0,0,0,0,null,0,0,0
1585851305781,61687,localhost Memory,,,,,true,,0,0,0,0,null,0,0,0
1585851305781,12118,localhost CPU,,,,,true,,0,0,0,0,null,0,0,0
1585851305781,0,localhost Disks I/O,,,,,true,,0,0,0,0,null,0,0,0
1585851306781,61679,localhost Memory,,,,,true,,0,0,0,0,null,0,0,0
1585851306781,12973,localhost CPU,,,,,true,,0,0,0,0,null,0,0,0
1585851306781,0,localhost Disks I/O,,,,,true,,0,0,0,0,null,0,0,0
1585851307782,61671,localhost Memory,,,,,true,,0,0,0,0,null,0,0,0
1585851307782,15856,localhost CPU,,,,,true,,0,0,0,0,null,0,0,0
1585851307782,0,localhost Disks I/O,,,,,true,,0,0,0,0,null,0,0,0
1585851308783,61670,localhost Memory,,,,,true,,0,0,0,0,null,0,0,0
1585851308783,12521,localhost CPU,,,,,true,,0,0,0,0,null,0,0,0
1585851308783,0,localhost Disks I/O,,,,,true,,0,0,0,0,null,0,0,0
1585851309783,61663,localhost Memory,,,,,true,,0,0,0,0,null,0,0,0
1585851309783,7425,localhost CPU,,,,,true,,0,0,0,0,null,0,0,0
1585851309783,0,localhost Disks I/O,,,,,true,,0,0,0,0,null,0,0,0
1585851310783,61662,localhost Memory,,,,,true,,0,0,0,0,null,0,0,0
1585851310783,11702,localhost CPU,,,,,true,,0,0,0,0,null,0,0,0
1585851310783,0,localhost Disks I/O,,,,,true,,0,0,0,0,null,0,0,0
1585851311784,61662,localhost Memory,,,,,true,,0,0,0,0,null,0,0,0
1585851311784,9360,localhost CPU,,,,,true,,0,0,0,0,null,0,0,0
1585851311784,0,localhost Disks I/O,,,,,true,,0,0,0,0,null,0,0,0
1585851312785,61661,localhost Memory,,,,,true,,0,0,0,0,null,0,0,0
1585851312785,11678,localhost CPU,,,,,true,,0,0,0,0,null,0,0,0
1585851312785,0,localhost Disks I/O,,,,,true,,0,0,0,0,null,0,0,0
1585851313786,61656,localhost Memory,,,,,true,,0,0,0,0,null,0,0,0
1585851313786,13176,localhost CPU,,,,,true,,0,0,0,0,null,0,0,0
1585851313786,0,localhost Disks I/O,,,,,true,,0,0,0,0,null,0,0,0
1585851314786,61655,localhost Memory,,,,,true,,0,0,0,0,null,0,0,0
1585851314786,11257,localhost CPU,,,,,true,,0,0,0,0,null,0,0,0
1585851314786,0,localhost Disks I/O,,,,,true,,0,0,0,0,null,0,0,0
1585851315786,61655,localhost Memory,,,,,true,,0,0,0,0,null,0,0,0
1585851315786,10906,localhost CPU,,,,,true,,0,0,0,0,null,0,0,0
1585851315786,1000,localhost Disks I/O,,,,,true,,0,0,0,0,null,0,0,0
1585851316787,61654,localhost Memory,,,,,true,,0,0,0,0,null,0,0,0
1585851316787,12870,localhost CPU,,,,,true,,0,0,0,0,null,0,0,0
1585851316787,0,localhost Disks I/O,,,,,true,,0,0,0,0,null,0,0,0
1585851317788,61649,localhost Memory,,,,,true,,0,0,0,0,null,0,0,0
1585851317788,10510,localhost CPU,,,,,true,,0,0,0,0,null,0,0,0
1585851317788,0,localhost Disks I/O,,,,,true,,0,0,0,0,null,0,0,0
1585851318788,61649,localhost Memory,,,,,true,,0,0,0,0,null,0,0,0
1585851318788,10859,localhost CPU,,,,,true,,0,0,0,0,null,0,0,0
1585851318788,0,localhost Disks I/O,,,,,true,,0,0,0,0,null,0,0,0
1585851319788,61664,localhost Memory,,,,,true,,0,0,0,0,null,0,0,0
1585851319788,16313,localhost CPU,,,,,true,,0,0,0,0,null,0,0,0
1585851319788,0,localhost Disks I/O,,,,,true,,0,0,0,0,null,0,0,0
1585851320789,61646,localhost Memory,,,,,true,,0,0,0,0,null,0,0,0
1585851320789,9820,localhost CPU,,,,,true,,0,0,0,0,null,0,0,0
1585851320789,0,localhost Disks I/O,,,,,true,,0,0,0,0,null,0,0,0
1585851321789,61644,localhost Memory,,,,,true,,0,0,0,0,null,0,0,0
1585851321789,10525,localhost CPU,,,,,true,,0,0,0,0,null,0,0,0
1585851321789,0,localhost Disks I/O,,,,,true,,0,0,0,0,null,0,0,0
1585851322789,61644,localhost Memory,,,,,true,,0,0,0,0,null,0,0,0
1585851322789,14417,localhost CPU,,,,,true,,0,0,0,0,null,0,0,0
1585851322789,0,localhost Disks I/O,,,,,true,,0,0,0,0,null,0,0,0
1585851323790,61643,localhost Memory,,,,,true,,0,0,0,0,null,0,0,0
1585851323790,10906,localhost CPU,,,,,true,,0,0,0,0,null,0,0,0
1585851323790,0,localhost Disks I/O,,,,,true,,0,0,0,0,null,0,0,0
1585851324791,61642,localhost Memory,,,,,true,,0,0,0,0,null,0,0,0
1585851324791,10549,localhost CPU,,,,,true,,0,0,0,0,null,0,0,0
1585851324791,0,localhost Disks I/O,,,,,true,,0,0,0,0,null,0,0,0
1585851325791,61683,localhost Memory,,,,,true,,0,0,0,0,null,0,0,0
1585851325791,13172,localhost CPU,,,,,true,,0,0,0,0,null,0,0,0
1585851325791,0,localhost Disks I/O,,,,,true,,0,0,0,0,null,0,0,0
1585851326791,61685,localhost Memory,,,,,true,,0,0,0,0,null,0,0,0
1585851326791,15150,localhost CPU,,,,,true,,0,0,0,0,null,0,0,0
1585851326791,0,localhost Disks I/O,,,,,true,,0,0,0,0,null,0,0,0
1585851327792,61693,localhost Memory,,,,,true,,0,0,0,0,null,0,0,0
1585851327792,14317,localhost CPU,,,,,true,,0,0,0,0,null,0,0,0
1585851327792,0,localhost Disks I/O,,,,,true,,0,0,0,0,null,0,0,0
1585851328792,61694,localhost Memory,,,,,true,,0,0,0,0,null,0,0,0
1585851328792,14033,localhost CPU,,,,,true,,0,0,0,0,null,0,0,0
1585851328792,0,localhost Disks I/O,,,,,true,,0,0,0,0,null,0,0,0
1585851329793,61692,localhost Memory,,,,,true,,0,0,0,0,null,0,0,0
1585851329793,12808,localhost CPU,,,,,true,,0,0,0,0,null,0,0,0
1585851329793,0,localhost Disks I/O,,,,,true,,0,0,0,0,null,0,0,0
1585851330793,61696,localhost Memory,,,,,true,,0,0,0,0,null,0,0,0
1585851330793,13037,localhost CPU,,,,,true,,0,0,0,0,null,0,0,0
1585851330793,0,localhost Disks I/O,,,,,true,,0,0,0,0,null,0,0,0
1585851331794,61702,localhost Memory,,,,,true,,0,0,0,0,null,0,0,0
1585851331794,11637,localhost CPU,,,,,true,,0,0,0,0,null,0,0,0
1585851331794,0,localhost Disks I/O,,,,,true,,0,0,0,0,null,0,0,0
1585851332794,61699,localhost Memory,,,,,true,,0,0,0,0,null,0,0,0
1585851332794,11341,localhost CPU,,,,,true,,0,0,0,0,null,0,0,0
1585851332794,0,localhost Disks I/O,,,,,true,,0,0,0,0,null,0,0,0
1585851333795,61698,localhost Memory,,,,,true,,0,0,0,0,null,0,0,0
1585851333795,11677,localhost CPU,,,,,true,,0,0,0,0,null,0,0,0
1585851333795,0,localhost Disks I/O,,,,,true,,0,0,0,0,null,0,0,0
1585851334796,61699,localhost Memory,,,,,true,,0,0,0,0,null,0,0,0
1585851334796,16070,localhost CPU,,,,,true,,0,0,0,0,null,0,0,0
1585851334796,0,localhost Disks I/O,,,,,true,,0,0,0,0,null,0,0,0
1585851335796,61700,localhost Memory,,,,,true,,0,0,0,0,null,0,0,0
1585851335796,15111,localhost CPU,,,,,true,,0,0,0,0,null,0,0,0
1585851335796,0,localhost Disks I/O,,,,,true,,0,0,0,0,null,0,0,0
1585851336797,61687,localhost Memory,,,,,true,,0,0,0,0,null,0,0,0
1585851336797,10419,localhost CPU,,,,,true,,0,0,0,0,null,0,0,0
1585851336797,0,localhost Disks I/O,,,,,true,,0,0,0,0,null,0,0,0
1585851337798,61686,localhost Memory,,,,,true,,0,0,0,0,null,0,0,0
1585851337798,13290,localhost CPU,,,,,true,,0,0,0,0,null,0,0,0
1585851337798,0,localhost Disks I/O,,,,,true,,0,0,0,0,null,0,0,0
1585851338798,61686,localhost Memory,,,,,true,,0,0,0,0,null,0,0,0
1585851338798,6178,localhost CPU,,,,,true,,0,0,0,0,null,0,0,0
1585851338798,0,localhost Disks I/O,,,,,true,,0,0,0,0,null,0,0,0
1585851339799,61685,localhost Memory,,,,,true,,0,0,0,0,null,0,0,0
1585851339799,17766,localhost CPU,,,,,true,,0,0,0,0,null,0,0,0
1585851339799,0,localhost Disks I/O,,,,,true,,0,0,0,0,null,0,0,0
1585851340799,61678,localhost Memory,,,,,true,,0,0,0,0,null,0,0,0
1585851340799,11725,localhost CPU,,,,,true,,0,0,0,0,null,0,0,0
1585851340799,0,localhost Disks I/O,,,,,true,,0,0,0,0,null,0,0,0
1585851341800,61678,localhost Memory,,,,,true,,0,0,0,0,null,0,0,0
1585851341800,10047,localhost CPU,,,,,true,,0,0,0,0,null,0,0,0
1585851341800,0,localhost Disks I/O,,,,,true,,0,0,0,0,null,0,0,0
1585851342801,61678,localhost Memory,,,,,true,,0,0,0,0,null,0,0,0
1585851342801,9775,localhost CPU,,,,,true,,0,0,0,0,null,0,0,0
1585851342801,0,localhost Disks I/O,,,,,true,,0,0,0,0,null,0,0,0
1585851343801,61674,localhost Memory,,,,,true,,0,0,0,0,null,0,0,0
1585851343801,10071,localhost CPU,,,,,true,,0,0,0,0,null,0,0,0
1585851343801,0,localhost Disks I/O,,,,,true,,0,0,0,0,null,0,0,0
1585851344802,61630,localhost Memory,,,,,true,,0,0,0,0,null,0,0,0
1585851344802,13688,localhost CPU,,,,,true,,0,0,0,0,null,0,0,0
1585851344802,0,localhost Disks I/O,,,,,true,,0,0,0,0,null,0,0,0
1585851345802,61626,localhost Memory,,,,,true,,0,0,0,0,null,0,0,0
1585851345802,12783,localhost CPU,,,,,true,,0,0,0,0,null,0,0,0
1585851345802,0,localhost Disks I/O,,,,,true,,0,0,0,0,null,0,0,0
1585851346802,61626,localhost Memory,,,,,true,,0,0,0,0,null,0,0,0
1585851346802,14871,localhost CPU,,,,,true,,0,0,0,0,null,0,0,0
1585851346802,0,localhost Disks I/O,,,,,true,,0,0,0,0,null,0,0,0
1585851347803,61622,localhost Memory,,,,,true,,0,0,0,0,null,0,0,0
1585851347803,13470,localhost CPU,,,,,true,,0,0,0,0,null,0,0,0
1585851347803,1000,localhost Disks I/O,,,,,true,,0,0,0,0,null,0,0,0
1585851348804,61587,localhost Memory,,,,,true,,0,0,0,0,null,0,0,0
1585851348804,26593,localhost CPU,,,,,true,,0,0,0,0,null,0,0,0
1585851348804,3000,localhost Disks I/O,,,,,true,,0,0,0,0,null,0,0,0
1585851349805,61477,localhost Memory,,,,,true,,0,0,0,0,null,0,0,0
1585851349805,24600,localhost CPU,,,,,true,,0,0,0,0,null,0,0,0
1585851349805,0,localhost Disks I/O,,,,,true,,0,0,0,0,null,0,0,0
1585851350805,61496,localhost Memory,,,,,true,,0,0,0,0,null,0,0,0
1585851350805,11257,localhost CPU,,,,,true,,0,0,0,0,null,0,0,0
1585851350805,0,localhost Disks I/O,,,,,true,,0,0,0,0,null,0,0,0
1585851351806,61531,localhost Memory,,,,,true,,0,0,0,0,null,0,0,0
1585851351806,14794,localhost CPU,,,,,true,,0,0,0,0,null,0,0,0
1585851351806,0,localhost Disks I/O,,,,,true,,0,0,0,0,null,0,0,0
1585851352807,61538,localhost Memory,,,,,true,,0,0,0,0,null,0,0,0
1585851352807,12078,localhost CPU,,,,,true,,0,0,0,0,null,0,0,0
1585851352807,0,localhost Disks I/O,,,,,true,,0,0,0,0,null,0,0,0
1585851353807,61564,localhost Memory,,,,,true,,0,0,0,0,null,0,0,0
1585851353807,16006,localhost CPU,,,,,true,,0,0,0,0,null,0,0,0
1585851353807,0,localhost Disks I/O,,,,,true,,0,0,0,0,null,0,0,0
1585851354808,61562,localhost Memory,,,,,true,,0,0,0,0,null,0,0,0
1585851354808,10924,localhost CPU,,,,,true,,0,0,0,0,null,0,0,0
1585851354808,0,localhost Disks I/O,,,,,true,,0,0,0,0,null,0,0,0
1585851355808,61559,localhost Memory,,,,,true,,0,0,0,0,null,0,0,0
1585851355808,12453,localhost CPU,,,,,true,,0,0,0,0,null,0,0,0
1585851355808,0,localhost Disks I/O,,,,,true,,0,0,0,0,null,0,0,0
1585851356808,61559,localhost Memory,,,,,true,,0,0,0,0,null,0,0,0
1585851356808,14413,localhost CPU,,,,,true,,0,0,0,0,null,0,0,0
1585851356808,0,localhost Disks I/O,,,,,true,,0,0,0,0,null,0,0,0
1585851357809,61559,localhost Memory,,,,,true,,0,0,0,0,null,0,0,0
1585851357809,12875,localhost CPU,,,,,true,,0,0,0,0,null,0,0,0
1585851357809,0,localhost Disks I/O,,,,,true,,0,0,0,0,null,0,0,0
1585851358809,61559,localhost Memory,,,,,true,,0,0,0,0,null,0,0,0
1585851358809,18276,localhost CPU,,,,,true,,0,0,0,0,null,0,0,0
1585851358809,1000,localhost Disks I/O,,,,,true,,0,0,0,0,null,0,0,0
1585851359810,61573,localhost Memory,,,,,true,,0,0,0,0,null,0,0,0
1585851359810,12453,localhost CPU,,,,,true,,0,0,0,0,null,0,0,0
1585851359810,0,localhost Disks I/O,,,,,true,,0,0,0,0,null,0,0,0
1585851360810,61564,localhost Memory,,,,,true,,0,0,0,0,null,0,0,0
1585851360810,14371,localhost CPU,,,,,true,,0,0,0,0,null,0,0,0
1585851360810,1000,localhost Disks I/O,,,,,true,,0,0,0,0,null,0,0,0
1585851361810,61564,localhost Memory,,,,,true,,0,0,0,0,null,0,0,0
1585851361810,22294,localhost CPU,,,,,true,,0,0,0,0,null,0,0,0
1585851361810,0,localhost Disks I/O,,,,,true,,0,0,0,0,null,0,0,0
1585851362811,61567,localhost Memory,,,,,true,,0,0,0,0,null,0,0,0
1585851362811,10507,localhost CPU,,,,,true,,0,0,0,0,null,0,0,0
1585851362811,0,localhost Disks I/O,,,,,true,,0,0,0,0,null,0,0,0
1585851363811,61572,localhost Memory,,,,,true,,0,0,0,0,null,0,0,0
1585851363811,16031,localhost CPU,,,,,true,,0,0,0,0,null,0,0,0
1585851363811,0,localhost Disks I/O,,,,,true,,0,0,0,0,null,0,0,0
1585851364812,61611,localhost Memory,,,,,true,,0,0,0,0,null,0,0,0
1585851364812,13693,localhost CPU,,,,,true,,0,0,0,0,null,0,0,0
1585851364812,0,localhost Disks I/O,,,,,true,,0,0,0,0,null,0,0,0
1585851365812,61638,localhost Memory,,,,,true,,0,0,0,0,null,0,0,0
1585851365812,16232,localhost CPU,,,,,true,,0,0,0,0,null,0,0,0
1585851365812,0,localhost Disks I/O,,,,,true,,0,0,0,0,null,0,0,0
1585851366813,61656,localhost Memory,,,,,true,,0,0,0,0,null,0,0,0
1585851366813,11678,localhost CPU,,,,,true,,0,0,0,0,null,0,0,0
1585851366813,0,localhost Disks I/O,,,,,true,,0,0,0,0,null,0,0,0
1585851367814,61695,localhost Memory,,,,,true,,0,0,0,0,null,0,0,0
1585851367814,12403,localhost CPU,,,,,true,,0,0,0,0,null,0,0,0
1585851367814,0,localhost Disks I/O,,,,,true,,0,0,0,0,null,0,0,0
1585851368815,61709,localhost Memory,,,,,true,,0,0,0,0,null,0,0,0
1585851368815,16315,localhost CPU,,,,,true,,0,0,0,0,null,0,0,0
1585851368815,0,localhost Disks I/O,,,,,true,,0,0,0,0,null,0,0,0
1585851369815,61741,localhost Memory,,,,,true,,0,0,0,0,null,0,0,0
1585851369815,15090,localhost CPU,,,,,true,,0,0,0,0,null,0,0,0
1585851369815,0,localhost Disks I/O,,,,,true,,0,0,0,0,null,0,0,0
1585851370815,61776,localhost Memory,,,,,true,,0,0,0,0,null,0,0,0
1585851370815,15642,localhost CPU,,,,,true,,0,0,0,0,null,0,0,0
1585851370815,0,localhost Disks I/O,,,,,true,,0,0,0,0,null,0,0,0
1585851371816,61775,localhost Memory,,,,,true,,0,0,0,0,null,0,0,0
1585851371816,13835,localhost CPU,,,,,true,,0,0,0,0,null,0,0,0
1585851371816,0,localhost Disks I/O,,,,,true,,0,0,0,0,null,0,0,0
1585851372816,61772,localhost Memory,,,,,true,,0,0,0,0,null,0,0,0
1585851372816,13941,localhost CPU,,,,,true,,0,0,0,0,null,0,0,0
1585851372816,0,localhost Disks I/O,,,,,true,,0,0,0,0,null,0,0,0
1585851373817,61767,localhost Memory,,,,,true,,0,0,0,0,null,0,0,0
1585851373817,10136,localhost CPU,,,,,true,,0,0,0,0,null,0,0,0
1585851373817,0,localhost Disks I/O,,,,,true,,0,0,0,0,null,0,0,0
1585851374818,61766,localhost Memory,,,,,true,,0,0,0,0,null,0,0,0
1585851374818,12336,localhost CPU,,,,,true,,0,0,0,0,null,0,0,0
1585851374818,0,localhost Disks I/O,,,,,true,,0,0,0,0,null,0,0,0
1585851375818,61762,localhost Memory,,,,,true,,0,0,0,0,null,0,0,0
1585851375818,11341,localhost CPU,,,,,true,,0,0,0,0,null,0,0,0
1585851375818,0,localhost Disks I/O,,,,,true,,0,0,0,0,null,0,0,0
1585851376819,61773,localhost Memory,,,,,true,,0,0,0,0,null,0,0,0
1585851376819,13203,localhost CPU,,,,,true,,0,0,0,0,null,0,0,0
1585851376819,0,localhost Disks I/O,,,,,true,,0,0,0,0,null,0,0,0
1585851377819,61780,localhost Memory,,,,,true,,0,0,0,0,null,0,0,0
1585851377819,13645,localhost CPU,,,,,true,,0,0,0,0,null,0,0,0
1585851377819,0,localhost Disks I/O,,,,,true,,0,0,0,0,null,0,0,0
1585851378820,61784,localhost Memory,,,,,true,,0,0,0,0,null,0,0,0
1585851378820,11276,localhost CPU,,,,,true,,0,0,0,0,null,0,0,0
1585851378820,0,localhost Disks I/O,,,,,true,,0,0,0,0,null,0,0,0
1585851379821,61788,localhost Memory,,,,,true,,0,0,0,0,null,0,0,0
1585851379821,15839,localhost CPU,,,,,true,,0,0,0,0,null,0,0,0
1585851379821,0,localhost Disks I/O,,,,,true,,0,0,0,0,null,0,0,0
1585851380821,61788,localhost Memory,,,,,true,,0,0,0,0,null,0,0,0
1585851380821,10177,localhost CPU,,,,,true,,0,0,0,0,null,0,0,0
1585851380821,0,localhost Disks I/O,,,,,true,,0,0,0,0,null,0,0,0
1585851381821,61782,localhost Memory,,,,,true,,0,0,0,0,null,0,0,0
1585851381821,12400,localhost CPU,,,,,true,,0,0,0,0,null,0,0,0
1585851381821,0,localhost Disks I/O,,,,,true,,0,0,0,0,null,0,0,0
1585851382822,61783,localhost Memory,,,,,true,,0,0,0,0,null,0,0,0
1585851382822,13976,localhost CPU,,,,,true,,0,0,0,0,null,0,0,0
1585851382822,0,localhost Disks I/O,,,,,true,,0,0,0,0,null,0,0,0
1585851383823,61780,localhost Memory,,,,,true,,0,0,0,0,null,0,0,0
1585851383823,11346,localhost CPU,,,,,true,,0,0,0,0,null,0,0,0
1585851383823,0,localhost Disks I/O,,,,,true,,0,0,0,0,null,0,0,0
1585851384823,61807,localhost Memory,,,,,true,,0,0,0,0,null,0,0,0
1585851384823,11683,localhost CPU,,,,,true,,0,0,0,0,null,0,0,0
1585851384823,0,localhost Disks I/O,,,,,true,,0,0,0,0,null,0,0,0
1585851385824,61826,localhost Memory,,,,,true,,0,0,0,0,null,0,0,0
1585851385824,15228,localhost CPU,,,,,true,,0,0,0,0,null,0,0,0
1585851385824,0,localhost Disks I/O,,,,,true,,0,0,0,0,null,0,0,0
1585851386824,61823,localhost Memory,,,,,true,,0,0,0,0,null,0,0,0
1585851386824,14349,localhost CPU,,,,,true,,0,0,0,0,null,0,0,0
1585851386824,0,localhost Disks I/O,,,,,true,,0,0,0,0,null,0,0,0
1585851387825,61823,localhost Memory,,,,,true,,0,0,0,0,null,0,0,0
1585851387825,11593,localhost CPU,,,,,true,,0,0,0,0,null,0,0,0
1585851387825,0,localhost Disks I/O,,,,,true,,0,0,0,0,null,0,0,0
1585851388825,61816,localhost Memory,,,,,true,,0,0,0,0,null,0,0,0
1585851388825,16753,localhost CPU,,,,,true,,0,0,0,0,null,0,0,0
1585851388825,0,localhost Disks I/O,,,,,true,,0,0,0,0,null,0,0,0
1585851389825,61817,localhost Memory,,,,,true,,0,0,0,0,null,0,0,0
1585851389825,14471,localhost CPU,,,,,true,,0,0,0,0,null,0,0,0
1585851389825,0,localhost Disks I/O,,,,,true,,0,0,0,0,null,0,0,0
1585851390826,61816,localhost Memory,,,,,true,,0,0,0,0,null,0,0,0
1585851390826,13920,localhost CPU,,,,,true,,0,0,0,0,null,0,0,0
1585851390826,0,localhost Disks I/O,,,,,true,,0,0,0,0,null,0,0,0
1585851391826,61817,localhost Memory,,,,,true,,0,0,0,0,null,0,0,0
1585851391826,17928,localhost CPU,,,,,true,,0,0,0,0,null,0,0,0
1585851391826,0,localhost Disks I/O,,,,,true,,0,0,0,0,null,0,0,0
1585851392827,61817,localhost Memory,,,,,true,,0,0,0,0,null,0,0,0
1585851392827,12610,localhost CPU,,,,,true,,0,0,0,0,null,0,0,0
1585851392827,0,localhost Disks I/O,,,,,true,,0,0,0,0,null,0,0,0
1585851393828,61818,localhost Memory,,,,,true,,0,0,0,0,null,0,0,0
1585851393828,13296,localhost CPU,,,,,true,,0,0,0,0,null,0,0,0
1585851393828,0,localhost Disks I/O,,,,,true,,0,0,0,0,null,0,0,0
1585851394828,61816,localhost Memory,,,,,true,,0,0,0,0,null,0,0,0
1585851394828,15982,localhost CPU,,,,,true,,0,0,0,0,null,0,0,0
1585851394828,0,localhost Disks I/O,,,,,true,,0,0,0,0,null,0,0,0
1585851395829,61815,localhost Memory,,,,,true,,0,0,0,0,null,0,0,0
1585851395829,13175,localhost CPU,,,,,true,,0,0,0,0,null,0,0,0
1585851395829,0,localhost Disks I/O,,,,,true,,0,0,0,0,null,0,0,0
1585851396829,61812,localhost Memory,,,,,true,,0,0,0,0,null,0,0,0
1585851396829,11242,localhost CPU,,,,,true,,0,0,0,0,null,0,0,0
1585851396829,0,localhost Disks I/O,,,,,true,,0,0,0,0,null,0,0,0
1585851397829,61808,localhost Memory,,,,,true,,0,0,0,0,null,0,0,0
1585851397829,16004,localhost CPU,,,,,true,,0,0,0,0,null,0,0,0
1585851397829,0,localhost Disks I/O,,,,,true,,0,0,0,0,null,0,0,0
1585851398830,61823,localhost Memory,,,,,true,,0,0,0,0,null,0,0,0
1585851398830,11700,localhost CPU,,,,,true,,0,0,0,0,null,0,0,0
1585851398830,0,localhost Disks I/O,,,,,true,,0,0,0,0,null,0,0,0
1585851399830,61832,localhost Memory,,,,,true,,0,0,0,0,null,0,0,0
1585851399830,14499,localhost CPU,,,,,true,,0,0,0,0,null,0,0,0
1585851399830,0,localhost Disks I/O,,,,,true,,0,0,0,0,null,0,0,0
1585851400831,61822,localhost Memory,,,,,true,,0,0,0,0,null,0,0,0
1585851400831,18345,localhost CPU,,,,,true,,0,0,0,0,null,0,0,0
1585851400831,0,localhost Disks I/O,,,,,true,,0,0,0,0,null,0,0,0
1585851401832,61821,localhost Memory,,,,,true,,0,0,0,0,null,0,0,0
1585851401832,10507,localhost CPU,,,,,true,,0,0,0,0,null,0,0,0
1585851401832,0,localhost Disks I/O,,,,,true,,0,0,0,0,null,0,0,0
1585851402833,61817,localhost Memory,,,,,true,,0,0,0,0,null,0,0,0
1585851402833,10446,localhost CPU,,,,,true,,0,0,0,0,null,0,0,0
1585851402833,0,localhost Disks I/O,,,,,true,,0,0,0,0,null,0,0,0
1585851403833,61810,localhost Memory,,,,,true,,0,0,0,0,null,0,0,0
1585851403833,15957,localhost CPU,,,,,true,,0,0,0,0,null,0,0,0
1585851403833,0,localhost Disks I/O,,,,,true,,0,0,0,0,null,0,0,0
1585851404834,61825,localhost Memory,,,,,true,,0,0,0,0,null,0,0,0
1585851404834,14050,localhost CPU,,,,,true,,0,0,0,0,null,0,0,0
1585851404834,0,localhost Disks I/O,,,,,true,,0,0,0,0,null,0,0,0
1585851405834,61899,localhost Memory,,,,,true,,0,0,0,0,null,0,0,0
1585851405834,16294,localhost CPU,,,,,true,,0,0,0,0,null,0,0,0
1585851405834,0,localhost Disks I/O,,,,,true,,0,0,0,0,null,0,0,0
1585851406835,61900,localhost Memory,,,,,true,,0,0,0,0,null,0,0,0
1585851406835,14828,localhost CPU,,,,,true,,0,0,0,0,null,0,0,0
1585851406835,0,localhost Disks I/O,,,,,true,,0,0,0,0,null,0,0,0
1585851407835,61922,localhost Memory,,,,,true,,0,0,0,0,null,0,0,0
1585851407835,13540,localhost CPU,,,,,true,,0,0,0,0,null,0,0,0
1585851407835,0,localhost Disks I/O,,,,,true,,0,0,0,0,null,0,0,0
1585851408835,61963,localhost Memory,,,,,true,,0,0,0,0,null,0,0,0
1585851408835,18261,localhost CPU,,,,,true,,0,0,0,0,null,0,0,0
1585851408835,0,localhost Disks I/O,,,,,true,,0,0,0,0,null,0,0,0
1585851409836,61967,localhost Memory,,,,,true,,0,0,0,0,null,0,0,0
1585851409836,10903,localhost CPU,,,,,true,,0,0,0,0,null,0,0,0
1585851409836,0,localhost Disks I/O,,,,,true,,0,0,0,0,null,0,0,0
1585851410836,61965,localhost Memory,,,,,true,,0,0,0,0,null,0,0,0
1585851410836,13120,localhost CPU,,,,,true,,0,0,0,0,null,0,0,0
1585851410836,0,localhost Disks I/O,,,,,true,,0,0,0,0,null,0,0,0
1585851411837,61964,localhost Memory,,,,,true,,0,0,0,0,null,0,0,0
1585851411837,15646,localhost CPU,,,,,true,,0,0,0,0,null,0,0,0
1585851411837,0,localhost Disks I/O,,,,,true,,0,0,0,0,null,0,0,0
1585851412837,62021,localhost Memory,,,,,true,,0,0,0,0,null,0,0,0
1585851412837,15483,localhost CPU,,,,,true,,0,0,0,0,null,0,0,0
1585851412837,0,localhost Disks I/O,,,,,true,,0,0,0,0,null,0,0,0
1585851413838,62053,localhost Memory,,,,,true,,0,0,0,0,null,0,0,0
1585851413838,14396,localhost CPU,,,,,true,,0,0,0,0,null,0,0,0
1585851413838,0,localhost Disks I/O,,,,,true,,0,0,0,0,null,0,0,0
1585851414839,62051,localhost Memory,,,,,true,,0,0,0,0,null,0,0,0
1585851414839,13963,localhost CPU,,,,,true,,0,0,0,0,null,0,0,0
1585851414839,0,localhost Disks I/O,,,,,true,,0,0,0,0,null,0,0,0
1585851415839,62091,localhost Memory,,,,,true,,0,0,0,0,null,0,0,0
1585851415839,18350,localhost CPU,,,,,true,,0,0,0,0,null,0,0,0
1585851415839,0,localhost Disks I/O,,,,,true,,0,0,0,0,null,0,0,0
1585851416840,62139,localhost Memory,,,,,true,,0,0,0,0,null,0,0,0
1585851416840,14871,localhost CPU,,,,,true,,0,0,0,0,null,0,0,0
1585851416840,0,localhost Disks I/O,,,,,true,,0,0,0,0,null,0,0,0
1585851417840,62143,localhost Memory,,,,,true,,0,0,0,0,null,0,0,0
1585851417840,14735,localhost CPU,,,,,true,,0,0,0,0,null,0,0,0
1585851417840,0,localhost Disks I/O,,,,,true,,0,0,0,0,null,0,0,0
1585851418840,62216,localhost Memory,,,,,true,,0,0,0,0,null,0,0,0
1585851418840,15182,localhost CPU,,,,,true,,0,0,0,0,null,0,0,0
1585851418840,0,localhost Disks I/O,,,,,true,,0,0,0,0,null,0,0,0
1585851419840,62226,localhost Memory,,,,,true,,0,0,0,0,null,0,0,0
1585851419840,15093,localhost CPU,,,,,true,,0,0,0,0,null,0,0,0
1585851419840,0,localhost Disks I/O,,,,,true,,0,0,0,0,null,0,0,0
1585851420841,62269,localhost Memory,,,,,true,,0,0,0,0,null,0,0,0
1585851420841,12918,localhost CPU,,,,,true,,0,0,0,0,null,0,0,0
1585851420841,0,localhost Disks I/O,,,,,true,,0,0,0,0,null,0,0,0
1585851421842,62327,localhost Memory,,,,,true,,0,0,0,0,null,0,0,0
1585851421842,18261,localhost CPU,,,,,true,,0,0,0,0,null,0,0,0
1585851421842,0,localhost Disks I/O,,,,,true,,0,0,0,0,null,0,0,0
1585851422843,62395,localhost Memory,,,,,true,,0,0,0,0,null,0,0,0
1585851422843,21475,localhost CPU,,,,,true,,0,0,0,0,null,0,0,0
1585851422843,0,localhost Disks I/O,,,,,true,,0,0,0,0,null,0,0,0
1585851423843,62789,localhost Memory,,,,,true,,0,0,0,0,null,0,0,0
1585851423843,26457,localhost CPU,,,,,true,,0,0,0,0,null,0,0,0
1585851423843,0,localhost Disks I/O,,,,,true,,0,0,0,0,null,0,0,0
1585851424844,62809,localhost Memory,,,,,true,,0,0,0,0,null,0,0,0
1585851424844,13039,localhost CPU,,,,,true,,0,0,0,0,null,0,0,0
1585851424844,1000,localhost Disks I/O,,,,,true,,0,0,0,0,null,0,0,0
1585851425844,62811,localhost Memory,,,,,true,,0,0,0,0,null,0,0,0
1585851425844,14769,localhost CPU,,,,,true,,0,0,0,0,null,0,0,0
1585851425844,0,localhost Disks I/O,,,,,true,,0,0,0,0,null,0,0,0
1585851426844,62886,localhost Memory,,,,,true,,0,0,0,0,null,0,0,0
1585851426844,18067,localhost CPU,,,,,true,,0,0,0,0,null,0,0,0
1585851426844,0,localhost Disks I/O,,,,,true,,0,0,0,0,null,0,0,0
1585851427844,62933,localhost Memory,,,,,true,,0,0,0,0,null,0,0,0
1585851427844,14769,localhost CPU,,,,,true,,0,0,0,0,null,0,0,0
1585851427844,0,localhost Disks I/O,,,,,true,,0,0,0,0,null,0,0,0
1585851428844,62980,localhost Memory,,,,,true,,0,0,0,0,null,0,0,0
1585851428844,14282,localhost CPU,,,,,true,,0,0,0,0,null,0,0,0
1585851428844,0,localhost Disks I/O,,,,,true,,0,0,0,0,null,0,0,0
1585851429845,63015,localhost Memory,,,,,true,,0,0,0,0,null,0,0,0
1585851429845,15957,localhost CPU,,,,,true,,0,0,0,0,null,0,0,0
1585851429845,0,localhost Disks I/O,,,,,true,,0,0,0,0,null,0,0,0
1585851430845,63032,localhost Memory,,,,,true,,0,0,0,0,null,0,0,0
1585851430845,13835,localhost CPU,,,,,true,,0,0,0,0,null,0,0,0
1585851430845,0,localhost Disks I/O,,,,,true,,0,0,0,0,null,0,0,0
1585851431846,63056,localhost Memory,,,,,true,,0,0,0,0,null,0,0,0
1585851431846,17140,localhost CPU,,,,,true,,0,0,0,0,null,0,0,0
1585851431846,0,localhost Disks I/O,,,,,true,,0,0,0,0,null,0,0,0
1585851432846,63061,localhost Memory,,,,,true,,0,0,0,0,null,0,0,0
1585851432846,9031,localhost CPU,,,,,true,,0,0,0,0,null,0,0,0
1585851432846,0,localhost Disks I/O,,,,,true,,0,0,0,0,null,0,0,0
1585851433847,63097,localhost Memory,,,,,true,,0,0,0,0,null,0,0,0
1585851433847,12428,localhost CPU,,,,,true,,0,0,0,0,null,0,0,0
1585851433847,0,localhost Disks I/O,,,,,true,,0,0,0,0,null,0,0,0
1585851434847,63142,localhost Memory,,,,,true,,0,0,0,0,null,0,0,0
1585851434847,14698,localhost CPU,,,,,true,,0,0,0,0,null,0,0,0
1585851434847,0,localhost Disks I/O,,,,,true,,0,0,0,0,null,0,0,0
1585851435847,63148,localhost Memory,,,,,true,,0,0,0,0,null,0,0,0
1585851435847,14396,localhost CPU,,,,,true,,0,0,0,0,null,0,0,0
1585851435847,0,localhost Disks I/O,,,,,true,,0,0,0,0,null,0,0,0
1585851436847,63183,localhost Memory,,,,,true,,0,0,0,0,null,0,0,0
1585851436847,14374,localhost CPU,,,,,true,,0,0,0,0,null,0,0,0
1585851436847,0,localhost Disks I/O,,,,,true,,0,0,0,0,null,0,0,0
1585851437847,63233,localhost Memory,,,,,true,,0,0,0,0,null,0,0,0
1585851437847,11678,localhost CPU,,,,,true,,0,0,0,0,null,0,0,0
1585851437847,0,localhost Disks I/O,,,,,true,,0,0,0,0,null,0,0,0
1585851438848,63185,localhost Memory,,,,,true,,0,0,0,0,null,0,0,0
1585851438848,12794,localhost CPU,,,,,true,,0,0,0,0,null,0,0,0
1585851438848,0,localhost Disks I/O,,,,,true,,0,0,0,0,null,0,0,0
1585851439848,63015,localhost Memory,,,,,true,,0,0,0,0,null,0,0,0
1585851439848,10114,localhost CPU,,,,,true,,0,0,0,0,null,0,0,0
1585851439848,0,localhost Disks I/O,,,,,true,,0,0,0,0,null,0,0,0
1585851440849,63010,localhost Memory,,,,,true,,0,0,0,0,null,0,0,0
1585851440849,15873,localhost CPU,,,,,true,,0,0,0,0,null,0,0,0
1585851440849,0,localhost Disks I/O,,,,,true,,0,0,0,0,null,0,0,0
1585851441850,63102,localhost Memory,,,,,true,,0,0,0,0,null,0,0,0
1585851441850,12431,localhost CPU,,,,,true,,0,0,0,0,null,0,0,0
1585851441850,0,localhost Disks I/O,,,,,true,,0,0,0,0,null,0,0,0
1585851442851,63101,localhost Memory,,,,,true,,0,0,0,0,null,0,0,0
1585851442851,15922,localhost CPU,,,,,true,,0,0,0,0,null,0,0,0
1585851442851,0,localhost Disks I/O,,,,,true,,0,0,0,0,null,0,0,0
1585851443851,63152,localhost Memory,,,,,true,,0,0,0,0,null,0,0,0
1585851443851,14850,localhost CPU,,,,,true,,0,0,0,0,null,0,0,0
1585851443851,0,localhost Disks I/O,,,,,true,,0,0,0,0,null,0,0,0
1585851444851,63238,localhost Memory,,,,,true,,0,0,0,0,null,0,0,0
1585851444851,17042,localhost CPU,,,,,true,,0,0,0,0,null,0,0,0
1585851444851,0,localhost Disks I/O,,,,,true,,0,0,0,0,null,0,0,0
1585851445852,63285,localhost Memory,,,,,true,,0,0,0,0,null,0,0,0
1585851445852,17212,localhost CPU,,,,,true,,0,0,0,0,null,0,0,0
1585851445852,0,localhost Disks I/O,,,,,true,,0,0,0,0,null,0,0,0
1585851446853,63306,localhost Memory,,,,,true,,0,0,0,0,null,0,0,0
1585851446853,10446,localhost CPU,,,,,true,,0,0,0,0,null,0,0,0
1585851446853,0,localhost Disks I/O,,,,,true,,0,0,0,0,null,0,0,0
1585851447854,63373,localhost Memory,,,,,true,,0,0,0,0,null,0,0,0
1585851447854,15202,localhost CPU,,,,,true,,0,0,0,0,null,0,0,0
1585851447854,0,localhost Disks I/O,,,,,true,,0,0,0,0,null,0,0,0
1585851448854,63374,localhost Memory,,,,,true,,0,0,0,0,null,0,0,0
1585851448854,12830,localhost CPU,,,,,true,,0,0,0,0,null,0,0,0
1585851448854,0,localhost Disks I/O,,,,,true,,0,0,0,0,null,0,0,0
1585851449854,63458,localhost Memory,,,,,true,,0,0,0,0,null,0,0,0
1585851449854,12496,localhost CPU,,,,,true,,0,0,0,0,null,0,0,0
1585851449854,0,localhost Disks I/O,,,,,true,,0,0,0,0,null,0,0,0
1585851450854,63460,localhost Memory,,,,,true,,0,0,0,0,null,0,0,0
1585851450854,15537,localhost CPU,,,,,true,,0,0,0,0,null,0,0,0
1585851450854,0,localhost Disks I/O,,,,,true,,0,0,0,0,null,0,0,0
1585851451854,63523,localhost Memory,,,,,true,,0,0,0,0,null,0,0,0
1585851451854,13548,localhost CPU,,,,,true,,0,0,0,0,null,0,0,0
1585851451854,0,localhost Disks I/O,,,,,true,,0,0,0,0,null,0,0,0
1585851452855,63544,localhost Memory,,,,,true,,0,0,0,0,null,0,0,0
1585851452855,13963,localhost CPU,,,,,true,,0,0,0,0,null,0,0,0
1585851452855,0,localhost Disks I/O,,,,,true,,0,0,0,0,null,0,0,0
1585851453855,63594,localhost Memory,,,,,true,,0,0,0,0,null,0,0,0
1585851453855,15111,localhost CPU,,,,,true,,0,0,0,0,null,0,0,0
1585851453855,0,localhost Disks I/O,,,,,true,,0,0,0,0,null,0,0,0
1585851454855,63632,localhost Memory,,,,,true,,0,0,0,0,null,0,0,0
1585851454855,15957,localhost CPU,,,,,true,,0,0,0,0,null,0,0,0
1585851454855,0,localhost Disks I/O,,,,,true,,0,0,0,0,null,0,0,0
1585851455856,63661,localhost Memory,,,,,true,,0,0,0,0,null,0,0,0
1585851455856,14420,localhost CPU,,,,,true,,0,0,0,0,null,0,0,0
1585851455856,0,localhost Disks I/O,,,,,true,,0,0,0,0,null,0,0,0
1585851456856,63718,localhost Memory,,,,,true,,0,0,0,0,null,0,0,0
1585851456856,12478,localhost CPU,,,,,true,,0,0,0,0,null,0,0,0
1585851456856,0,localhost Disks I/O,,,,,true,,0,0,0,0,null,0,0,0
1585851457856,63775,localhost Memory,,,,,true,,0,0,0,0,null,0,0,0
1585851457856,11653,localhost CPU,,,,,true,,0,0,0,0,null,0,0,0
1585851457856,0,localhost Disks I/O,,,,,true,,0,0,0,0,null,0,0,0
1585851458857,63784,localhost Memory,,,,,true,,0,0,0,0,null,0,0,0
1585851458857,14565,localhost CPU,,,,,true,,0,0,0,0,null,0,0,0
1585851458857,0,localhost Disks I/O,,,,,true,,0,0,0,0,null,0,0,0
1585851459858,63826,localhost Memory,,,,,true,,0,0,0,0,null,0,0,0
1585851459858,19545,localhost CPU,,,,,true,,0,0,0,0,null,0,0,0
1585851459858,0,localhost Disks I/O,,,,,true,,0,0,0,0,null,0,0,0
1585851460858,63857,localhost Memory,,,,,true,,0,0,0,0,null,0,0,0
1585851460858,14790,localhost CPU,,,,,true,,0,0,0,0,null,0,0,0
1585851460858,0,localhost Disks I/O,,,,,true,,0,0,0,0,null,0,0,0
1585851461858,63886,localhost Memory,,,,,true,,0,0,0,0,null,0,0,0
1585851461858,16588,localhost CPU,,,,,true,,0,0,0,0,null,0,0,0
1585851461858,0,localhost Disks I/O,,,,,true,,0,0,0,0,null,0,0,0
1585851462859,63943,localhost Memory,,,,,true,,0,0,0,0,null,0,0,0
1585851462859,18204,localhost CPU,,,,,true,,0,0,0,0,null,0,0,0
1585851462859,0,localhost Disks I/O,,,,,true,,0,0,0,0,null,0,0,0
1585851463859,63966,localhost Memory,,,,,true,,0,0,0,0,null,0,0,0
1585851463859,14815,localhost CPU,,,,,true,,0,0,0,0,null,0,0,0
1585851463859,0,localhost Disks I/O,,,,,true,,0,0,0,0,null,0,0,0
1585851464859,63971,localhost Memory,,,,,true,,0,0,0,0,null,0,0,0
1585851464859,11325,localhost CPU,,,,,true,,0,0,0,0,null,0,0,0
1585851464859,0,localhost Disks I/O,,,,,true,,0,0,0,0,null,0,0,0
1585851465860,63989,localhost Memory,,,,,true,,0,0,0,0,null,0,0,0
1585851465860,14765,localhost CPU,,,,,true,,0,0,0,0,null,0,0,0
1585851465860,0,localhost Disks I/O,,,,,true,,0,0,0,0,null,0,0,0
1585851466861,64047,localhost Memory,,,,,true,,0,0,0,0,null,0,0,0
1585851466861,14892,localhost CPU,,,,,true,,0,0,0,0,null,0,0,0
1585851466861,0,localhost Disks I/O,,,,,true,,0,0,0,0,null,0,0,0
1585851467862,64058,localhost Memory,,,,,true,,0,0,0,0,null,0,0,0
1585851467862,17072,localhost CPU,,,,,true,,0,0,0,0,null,0,0,0
1585851467862,0,localhost Disks I/O,,,,,true,,0,0,0,0,null,0,0,0
1585851468862,64089,localhost Memory,,,,,true,,0,0,0,0,null,0,0,0
1585851468862,16277,localhost CPU,,,,,true,,0,0,0,0,null,0,0,0
1585851468862,0,localhost Disks I/O,,,,,true,,0,0,0,0,null,0,0,0
1585851469862,64144,localhost Memory,,,,,true,,0,0,0,0,null,0,0,0
1585851469862,12823,localhost CPU,,,,,true,,0,0,0,0,null,0,0,0
1585851469862,1000,localhost Disks I/O,,,,,true,,0,0,0,0,null,0,0,0
1585851470862,64256,localhost Memory,,,,,true,,0,0,0,0,null,0,0,0
1585851470862,26772,localhost CPU,,,,,true,,0,0,0,0,null,0,0,0
1585851470862,0,localhost Disks I/O,,,,,true,,0,0,0,0,null,0,0,0
1585851471863,64312,localhost Memory,,,,,true,,0,0,0,0,null,0,0,0
1585851471863,14382,localhost CPU,,,,,true,,0,0,0,0,null,0,0,0
1585851471863,0,localhost Disks I/O,,,,,true,,0,0,0,0,null,0,0,0
1585851472864,64336,localhost Memory,,,,,true,,0,0,0,0,null,0,0,0
1585851472864,13616,localhost CPU,,,,,true,,0,0,0,0,null,0,0,0
1585851472864,0,localhost Disks I/O,,,,,true,,0,0,0,0,null,0,0,0
1585851473864,64393,localhost Memory,,,,,true,,0,0,0,0,null,0,0,0
1585851473864,14450,localhost CPU,,,,,true,,0,0,0,0,null,0,0,0
1585851473864,0,localhost Disks I/O,,,,,true,,0,0,0,0,null,0,0,0
1585851474864,64421,localhost Memory,,,,,true,,0,0,0,0,null,0,0,0
1585851474864,16024,localhost CPU,,,,,true,,0,0,0,0,null,0,0,0
1585851474864,0,localhost Disks I/O,,,,,true,,0,0,0,0,null,0,0,0
1585851475864,64421,localhost Memory,,,,,true,,0,0,0,0,null,0,0,0
1585851475864,12143,localhost CPU,,,,,true,,0,0,0,0,null,0,0,0
1585851475864,0,localhost Disks I/O,,,,,true,,0,0,0,0,null,0,0,0
1585851476865,64443,localhost Memory,,,,,true,,0,0,0,0,null,0,0,0
1585851476865,13452,localhost CPU,,,,,true,,0,0,0,0,null,0,0,0
1585851476865,0,localhost Disks I/O,,,,,true,,0,0,0,0,null,0,0,0
1585851477866,64513,localhost Memory,,,,,true,,0,0,0,0,null,0,0,0
1585851477866,19271,localhost CPU,,,,,true,,0,0,0,0,null,0,0,0
1585851477866,0,localhost Disks I/O,,,,,true,,0,0,0,0,null,0,0,0
1585851478866,64555,localhost Memory,,,,,true,,0,0,0,0,null,0,0,0
1585851478866,16037,localhost CPU,,,,,true,,0,0,0,0,null,0,0,0
1585851478866,0,localhost Disks I/O,,,,,true,,0,0,0,0,null,0,0,0
1585851479867,64620,localhost Memory,,,,,true,,0,0,0,0,null,0,0,0
1585851479867,16691,localhost CPU,,,,,true,,0,0,0,0,null,0,0,0
1585851479867,0,localhost Disks I/O,,,,,true,,0,0,0,0,null,0,0,0
1585851480868,64616,localhost Memory,,,,,true,,0,0,0,0,null,0,0,0
1585851480868,15111,localhost CPU,,,,,true,,0,0,0,0,null,0,0,0
1585851480868,0,localhost Disks I/O,,,,,true,,0,0,0,0,null,0,0,0
1585851481868,64652,localhost Memory,,,,,true,,0,0,0,0,null,0,0,0
1585851481868,17375,localhost CPU,,,,,true,,0,0,0,0,null,0,0,0
1585851481868,0,localhost Disks I/O,,,,,true,,0,0,0,0,null,0,0,0
1585851482869,64695,localhost Memory,,,,,true,,0,0,0,0,null,0,0,0
1585851482869,22990,localhost CPU,,,,,true,,0,0,0,0,null,0,0,0
1585851482869,0,localhost Disks I/O,,,,,true,,0,0,0,0,null,0,0,0
1585851483869,64747,localhost Memory,,,,,true,,0,0,0,0,null,0,0,0
1585851483869,16192,localhost CPU,,,,,true,,0,0,0,0,null,0,0,0
1585851483869,0,localhost Disks I/O,,,,,true,,0,0,0,0,null,0,0,0
1585851484870,64785,localhost Memory,,,,,true,,0,0,0,0,null,0,0,0
1585851484870,15483,localhost CPU,,,,,true,,0,0,0,0,null,0,0,0
1585851484870,0,localhost Disks I/O,,,,,true,,0,0,0,0,null,0,0,0
1585851485870,64861,localhost Memory,,,,,true,,0,0,0,0,null,0,0,0
1585851485870,17903,localhost CPU,,,,,true,,0,0,0,0,null,0,0,0
1585851485870,0,localhost Disks I/O,,,,,true,,0,0,0,0,null,0,0,0
1585851486871,64918,localhost Memory,,,,,true,,0,0,0,0,null,0,0,0
1585851486871,17504,localhost CPU,,,,,true,,0,0,0,0,null,0,0,0
1585851486871,0,localhost Disks I/O,,,,,true,,0,0,0,0,null,0,0,0
1585851487871,64959,localhost Memory,,,,,true,,0,0,0,0,null,0,0,0
1585851487871,16338,localhost CPU,,,,,true,,0,0,0,0,null,0,0,0
1585851487871,0,localhost Disks I/O,,,,,true,,0,0,0,0,null,0,0,0
1585851488872,65033,localhost Memory,,,,,true,,0,0,0,0,null,0,0,0
1585851488872,18625,localhost CPU,,,,,true,,0,0,0,0,null,0,0,0
1585851488872,0,localhost Disks I/O,,,,,true,,0,0,0,0,null,0,0,0
1585851489873,65096,localhost Memory,,,,,true,,0,0,0,0,null,0,0,0
1585851489873,13997,localhost CPU,,,,,true,,0,0,0,0,null,0,0,0
1585851489873,0,localhost Disks I/O,,,,,true,,0,0,0,0,null,0,0,0
1585851490873,65137,localhost Memory,,,,,true,,0,0,0,0,null,0,0,0
1585851490873,16400,localhost CPU,,,,,true,,0,0,0,0,null,0,0,0
1585851490873,0,localhost Disks I/O,,,,,true,,0,0,0,0,null,0,0,0
1585851491874,65199,localhost Memory,,,,,true,,0,0,0,0,null,0,0,0
1585851491874,15545,localhost CPU,,,,,true,,0,0,0,0,null,0,0,0
1585851491874,0,localhost Disks I/O,,,,,true,,0,0,0,0,null,0,0,0
1585851492875,65237,localhost Memory,,,,,true,,0,0,0,0,null,0,0,0
1585851492875,14774,localhost CPU,,,,,true,,0,0,0,0,null,0,0,0
1585851492875,0,localhost Disks I/O,,,,,true,,0,0,0,0,null,0,0,0
1585851493876,65286,localhost Memory,,,,,true,,0,0,0,0,null,0,0,0
1585851493876,16779,localhost CPU,,,,,true,,0,0,0,0,null,0,0,0
1585851493876,0,localhost Disks I/O,,,,,true,,0,0,0,0,null,0,0,0
1585851494876,65347,localhost Memory,,,,,true,,0,0,0,0,null,0,0,0
1585851494876,17168,localhost CPU,,,,,true,,0,0,0,0,null,0,0,0
1585851494876,0,localhost Disks I/O,,,,,true,,0,0,0,0,null,0,0,0
1585851495877,65393,localhost Memory,,,,,true,,0,0,0,0,null,0,0,0
1585851495877,18383,localhost CPU,,,,,true,,0,0,0,0,null,0,0,0
1585851495877,0,localhost Disks I/O,,,,,true,,0,0,0,0,null,0,0,0
1585851496878,65449,localhost Memory,,,,,true,,0,0,0,0,null,0,0,0
1585851496878,19018,localhost CPU,,,,,true,,0,0,0,0,null,0,0,0
1585851496878,0,localhost Disks I/O,,,,,true,,0,0,0,0,null,0,0,0
1585851497879,65485,localhost Memory,,,,,true,,0,0,0,0,null,0,0,0
1585851497879,14853,localhost CPU,,,,,true,,0,0,0,0,null,0,0,0
1585851497879,0,localhost Disks I/O,,,,,true,,0,0,0,0,null,0,0,0
1585851498879,65552,localhost Memory,,,,,true,,0,0,0,0,null,0,0,0
1585851498879,20874,localhost CPU,,,,,true,,0,0,0,0,null,0,0,0
1585851498879,0,localhost Disks I/O,,,,,true,,0,0,0,0,null,0,0,0
1585851499879,65595,localhost Memory,,,,,true,,0,0,0,0,null,0,0,0
1585851499879,21384,localhost CPU,,,,,true,,0,0,0,0,null,0,0,0
1585851499879,0,localhost Disks I/O,,,,,true,,0,0,0,0,null,0,0,0
1585851500880,65658,localhost Memory,,,,,true,,0,0,0,0,null,0,0,0
1585851500880,16983,localhost CPU,,,,,true,,0,0,0,0,null,0,0,0
1585851500880,0,localhost Disks I/O,,,,,true,,0,0,0,0,null,0,0,0
1585851501880,65690,localhost Memory,,,,,true,,0,0,0,0,null,0,0,0
1585851501880,18276,localhost CPU,,,,,true,,0,0,0,0,null,0,0,0
1585851501880,0,localhost Disks I/O,,,,,true,,0,0,0,0,null,0,0,0
1585851502880,65744,localhost Memory,,,,,true,,0,0,0,0,null,0,0,0
1585851502880,17179,localhost CPU,,,,,true,,0,0,0,0,null,0,0,0
1585851502880,0,localhost Disks I/O,,,,,true,,0,0,0,0,null,0,0,0
1585851503881,65797,localhost Memory,,,,,true,,0,0,0,0,null,0,0,0
1585851503881,18601,localhost CPU,,,,,true,,0,0,0,0,null,0,0,0
1585851503881,0,localhost Disks I/O,,,,,true,,0,0,0,0,null,0,0,0
1585851504881,65967,localhost Memory,,,,,true,,0,0,0,0,null,0,0,0
1585851504881,15189,localhost CPU,,,,,true,,0,0,0,0,null,0,0,0
1585851504881,0,localhost Disks I/O,,,,,true,,0,0,0,0,null,0,0,0
1585851505882,66031,localhost Memory,,,,,true,,0,0,0,0,null,0,0,0
1585851505882,14413,localhost CPU,,,,,true,,0,0,0,0,null,0,0,0
1585851505882,0,localhost Disks I/O,,,,,true,,0,0,0,0,null,0,0,0
1585851506883,66083,localhost Memory,,,,,true,,0,0,0,0,null,0,0,0
1585851506883,16779,localhost CPU,,,,,true,,0,0,0,0,null,0,0,0
1585851506883,0,localhost Disks I/O,,,,,true,,0,0,0,0,null,0,0,0
1585851507883,66123,localhost Memory,,,,,true,,0,0,0,0,null,0,0,0
1585851507883,17882,localhost CPU,,,,,true,,0,0,0,0,null,0,0,0
1585851507883,0,localhost Disks I/O,,,,,true,,0,0,0,0,null,0,0,0
1585851508883,66159,localhost Memory,,,,,true,,0,0,0,0,null,0,0,0
1585851508883,17411,localhost CPU,,,,,true,,0,0,0,0,null,0,0,0
1585851508883,0,localhost Disks I/O,,,,,true,,0,0,0,0,null,0,0,0
1585851509884,66158,localhost Memory,,,,,true,,0,0,0,0,null,0,0,0
1585851509884,17094,localhost CPU,,,,,true,,0,0,0,0,null,0,0,0
1585851509884,0,localhost Disks I/O,,,,,true,,0,0,0,0,null,0,0,0
1585851510884,66268,localhost Memory,,,,,true,,0,0,0,0,null,0,0,0
1585851510884,16733,localhost CPU,,,,,true,,0,0,0,0,null,0,0,0
1585851510884,0,localhost Disks I/O,,,,,true,,0,0,0,0,null,0,0,0
1585851511885,66352,localhost Memory,,,,,true,,0,0,0,0,null,0,0,0
1585851511885,15439,localhost CPU,,,,,true,,0,0,0,0,null,0,0,0
1585851511885,0,localhost Disks I/O,,,,,true,,0,0,0,0,null,0,0,0
1585851512886,66345,localhost Memory,,,,,true,,0,0,0,0,null,0,0,0
1585851512886,18161,localhost CPU,,,,,true,,0,0,0,0,null,0,0,0
1585851512886,0,localhost Disks I/O,,,,,true,,0,0,0,0,null,0,0,0
1585851513886,66436,localhost Memory,,,,,true,,0,0,0,0,null,0,0,0
1585851513886,17606,localhost CPU,,,,,true,,0,0,0,0,null,0,0,0
1585851513886,0,localhost Disks I/O,,,,,true,,0,0,0,0,null,0,0,0
1585851514886,66488,localhost Memory,,,,,true,,0,0,0,0,null,0,0,0
1585851514886,12447,localhost CPU,,,,,true,,0,0,0,0,null,0,0,0
1585851514886,0,localhost Disks I/O,,,,,true,,0,0,0,0,null,0,0,0
1585851515887,66526,localhost Memory,,,,,true,,0,0,0,0,null,0,0,0
1585851515887,18310,localhost CPU,,,,,true,,0,0,0,0,null,0,0,0
1585851515887,0,localhost Disks I/O,,,,,true,,0,0,0,0,null,0,0,0
1585851516887,66609,localhost Memory,,,,,true,,0,0,0,0,null,0,0,0
1585851516887,20474,localhost CPU,,,,,true,,0,0,0,0,null,0,0,0
1585851516887,0,localhost Disks I/O,,,,,true,,0,0,0,0,null,0,0,0
1585851517888,66626,localhost Memory,,,,,true,,0,0,0,0,null,0,0,0
1585851517888,15207,localhost CPU,,,,,true,,0,0,0,0,null,0,0,0
1585851517888,0,localhost Disks I/O,,,,,true,,0,0,0,0,null,0,0,0
1585851518888,66719,localhost Memory,,,,,true,,0,0,0,0,null,0,0,0
1585851518888,18459,localhost CPU,,,,,true,,0,0,0,0,null,0,0,0
1585851518888,0,localhost Disks I/O,,,,,true,,0,0,0,0,null,0,0,0
1585851519889,66738,localhost Memory,,,,,true,,0,0,0,0,null,0,0,0
1585851519889,16342,localhost CPU,,,,,true,,0,0,0,0,null,0,0,0
1585851519889,0,localhost Disks I/O,,,,,true,,0,0,0,0,null,0,0,0
1585851520890,66780,localhost Memory,,,,,true,,0,0,0,0,null,0,0,0
1585851520890,14673,localhost CPU,,,,,true,,0,0,0,0,null,0,0,0
1585851520890,0,localhost Disks I/O,,,,,true,,0,0,0,0,null,0,0,0
1585851521890,66766,localhost Memory,,,,,true,,0,0,0,0,null,0,0,0
1585851521890,15250,localhost CPU,,,,,true,,0,0,0,0,null,0,0,0
1585851521890,0,localhost Disks I/O,,,,,true,,0,0,0,0,null,0,0,0
1585851522890,66868,localhost Memory,,,,,true,,0,0,0,0,null,0,0,0
1585851522890,15267,localhost CPU,,,,,true,,0,0,0,0,null,0,0,0
1585851522890,0,localhost Disks I/O,,,,,true,,0,0,0,0,null,0,0,0
1585851523891,66857,localhost Memory,,,,,true,,0,0,0,0,null,0,0,0
1585851523891,16358,localhost CPU,,,,,true,,0,0,0,0,null,0,0,0
1585851523891,0,localhost Disks I/O,,,,,true,,0,0,0,0,null,0,0,0
1585851524891,66940,localhost Memory,,,,,true,,0,0,0,0,null,0,0,0
1585851524891,13434,localhost CPU,,,,,true,,0,0,0,0,null,0,0,0
1585851524891,0,localhost Disks I/O,,,,,true,,0,0,0,0,null,0,0,0
1585851525892,66936,localhost Memory,,,,,true,,0,0,0,0,null,0,0,0
1585851525892,12073,localhost CPU,,,,,true,,0,0,0,0,null,0,0,0
1585851525892,0,localhost Disks I/O,,,,,true,,0,0,0,0,null,0,0,0
1585851526893,66946,localhost Memory,,,,,true,,0,0,0,0,null,0,0,0
1585851526893,20420,localhost CPU,,,,,true,,0,0,0,0,null,0,0,0
1585851526893,0,localhost Disks I/O,,,,,true,,0,0,0,0,null,0,0,0
1585851527893,66963,localhost Memory,,,,,true,,0,0,0,0,null,0,0,0
1585851527893,17928,localhost CPU,,,,,true,,0,0,0,0,null,0,0,0
1585851527893,0,localhost Disks I/O,,,,,true,,0,0,0,0,null,0,0,0
1585851528894,66956,localhost Memory,,,,,true,,0,0,0,0,null,0,0,0
1585851528894,16712,localhost CPU,,,,,true,,0,0,0,0,null,0,0,0
1585851528894,0,localhost Disks I/O,,,,,true,,0,0,0,0,null,0,0,0
1585851529894,66973,localhost Memory,,,,,true,,0,0,0,0,null,0,0,0
1585851529894,16253,localhost CPU,,,,,true,,0,0,0,0,null,0,0,0
1585851529894,0,localhost Disks I/O,,,,,true,,0,0,0,0,null,0,0,0
1585851530895,66981,localhost Memory,,,,,true,,0,0,0,0,null,0,0,0
1585851530895,16753,localhost CPU,,,,,true,,0,0,0,0,null,0,0,0
1585851530895,0,localhost Disks I/O,,,,,true,,0,0,0,0,null,0,0,0
1585851531895,66972,localhost Memory,,,,,true,,0,0,0,0,null,0,0,0
1585851531895,17852,localhost CPU,,,,,true,,0,0,0,0,null,0,0,0
1585851531895,0,localhost Disks I/O,,,,,true,,0,0,0,0,null,0,0,0
1585851532896,66962,localhost Memory,,,,,true,,0,0,0,0,null,0,0,0
1585851532896,17958,localhost CPU,,,,,true,,0,0,0,0,null,0,0,0
1585851532896,0,localhost Disks I/O,,,,,true,,0,0,0,0,null,0,0,0
1585851533896,66967,localhost Memory,,,,,true,,0,0,0,0,null,0,0,0
1585851533896,15203,localhost CPU,,,,,true,,0,0,0,0,null,0,0,0
1585851533896,1000,localhost Disks I/O,,,,,true,,0,0,0,0,null,0,0,0
1585851534896,66964,localhost Memory,,,,,true,,0,0,0,0,null,0,0,0
1585851534896,16319,localhost CPU,,,,,true,,0,0,0,0,null,0,0,0
1585851534896,0,localhost Disks I/O,,,,,true,,0,0,0,0,null,0,0,0
1585851535896,66960,localhost Memory,,,,,true,,0,0,0,0,null,0,0,0
1585851535896,16330,localhost CPU,,,,,true,,0,0,0,0,null,0,0,0
1585851535896,0,localhost Disks I/O,,,,,true,,0,0,0,0,null,0,0,0
1585851536897,66929,localhost Memory,,,,,true,,0,0,0,0,null,0,0,0
1585851536897,16298,localhost CPU,,,,,true,,0,0,0,0,null,0,0,0
1585851536897,0,localhost Disks I/O,,,,,true,,0,0,0,0,null,0,0,0
1585851537897,66924,localhost Memory,,,,,true,,0,0,0,0,null,0,0,0
1585851537897,13124,localhost CPU,,,,,true,,0,0,0,0,null,0,0,0
1585851537897,0,localhost Disks I/O,,,,,true,,0,0,0,0,null,0,0,0
1585851538897,66917,localhost Memory,,,,,true,,0,0,0,0,null,0,0,0
1585851538897,11700,localhost CPU,,,,,true,,0,0,0,0,null,0,0,0
1585851538897,0,localhost Disks I/O,,,,,true,,0,0,0,0,null,0,0,0
1585851539898,66905,localhost Memory,,,,,true,,0,0,0,0,null,0,0,0
1585851539898,12403,localhost CPU,,,,,true,,0,0,0,0,null,0,0,0
1585851539898,0,localhost Disks I/O,,,,,true,,0,0,0,0,null,0,0,0
1585851540898,66904,localhost Memory,,,,,true,,0,0,0,0,null,0,0,0
1585851540898,17439,localhost CPU,,,,,true,,0,0,0,0,null,0,0,0
1585851540898,0,localhost Disks I/O,,,,,true,,0,0,0,0,null,0,0,0
1585851541899,66901,localhost Memory,,,,,true,,0,0,0,0,null,0,0,0
1585851541899,17484,localhost CPU,,,,,true,,0,0,0,0,null,0,0,0
1585851541899,0,localhost Disks I/O,,,,,true,,0,0,0,0,null,0,0,0
1585851542900,66986,localhost Memory,,,,,true,,0,0,0,0,null,0,0,0
1585851542900,23475,localhost CPU,,,,,true,,0,0,0,0,null,0,0,0
1585851542900,0,localhost Disks I/O,,,,,true,,0,0,0,0,null,0,0,0
1585851543900,66971,localhost Memory,,,,,true,,0,0,0,0,null,0,0,0
1585851543900,16370,localhost CPU,,,,,true,,0,0,0,0,null,0,0,0
1585851543900,0,localhost Disks I/O,,,,,true,,0,0,0,0,null,0,0,0
1585851544901,66962,localhost Memory,,,,,true,,0,0,0,0,null,0,0,0
1585851544901,15587,localhost CPU,,,,,true,,0,0,0,0,null,0,0,0
1585851544901,0,localhost Disks I/O,,,,,true,,0,0,0,0,null,0,0,0
1585851545901,67055,localhost Memory,,,,,true,,0,0,0,0,null,0,0,0
1585851545901,15128,localhost CPU,,,,,true,,0,0,0,0,null,0,0,0
1585851545901,0,localhost Disks I/O,,,,,true,,0,0,0,0,null,0,0,0
1585851546902,67058,localhost Memory,,,,,true,,0,0,0,0,null,0,0,0
1585851546902,15483,localhost CPU,,,,,true,,0,0,0,0,null,0,0,0
1585851546902,0,localhost Disks I/O,,,,,true,,0,0,0,0,null,0,0,0
1585851547902,67058,localhost Memory,,,,,true,,0,0,0,0,null,0,0,0
1585851547902,17241,localhost CPU,,,,,true,,0,0,0,0,null,0,0,0
1585851547902,0,localhost Disks I/O,,,,,true,,0,0,0,0,null,0,0,0
1585851548902,67080,localhost Memory,,,,,true,,0,0,0,0,null,0,0,0
1585851548902,17102,localhost CPU,,,,,true,,0,0,0,0,null,0,0,0
1585851548902,0,localhost Disks I/O,,,,,true,,0,0,0,0,null,0,0,0
1585851549902,67055,localhost Memory,,,,,true,,0,0,0,0,null,0,0,0
1585851549902,16762,localhost CPU,,,,,true,,0,0,0,0,null,0,0,0
1585851549902,0,localhost Disks I/O,,,,,true,,0,0,0,0,null,0,0,0
1585851550903,67034,localhost Memory,,,,,true,,0,0,0,0,null,0,0,0
1585851550903,16400,localhost CPU,,,,,true,,0,0,0,0,null,0,0,0
1585851550903,0,localhost Disks I/O,,,,,true,,0,0,0,0,null,0,0,0
1585851551904,67026,localhost Memory,,,,,true,,0,0,0,0,null,0,0,0
1585851551904,16788,localhost CPU,,,,,true,,0,0,0,0,null,0,0,0
1585851551904,0,localhost Disks I/O,,,,,true,,0,0,0,0,null,0,0,0
1585851552905,67019,localhost Memory,,,,,true,,0,0,0,0,null,0,0,0
1585851552905,15642,localhost CPU,,,,,true,,0,0,0,0,null,0,0,0
1585851552905,0,localhost Disks I/O,,,,,true,,0,0,0,0,null,0,0,0
1585851553905,67012,localhost Memory,,,,,true,,0,0,0,0,null,0,0,0
1585851553905,15880,localhost CPU,,,,,true,,0,0,0,0,null,0,0,0
1585851553905,0,localhost Disks I/O,,,,,true,,0,0,0,0,null,0,0,0
1585851554905,66995,localhost Memory,,,,,true,,0,0,0,0,null,0,0,0
1585851554905,17525,localhost CPU,,,,,true,,0,0,0,0,null,0,0,0
1585851554905,0,localhost Disks I/O,,,,,true,,0,0,0,0,null,0,0,0
1585851555906,66988,localhost Memory,,,,,true,,0,0,0,0,null,0,0,0
1585851555906,14015,localhost CPU,,,,,true,,0,0,0,0,null,0,0,0
1585851555906,0,localhost Disks I/O,,,,,true,,0,0,0,0,null,0,0,0
1585851556906,66983,localhost Memory,,,,,true,,0,0,0,0,null,0,0,0
1585851556906,16338,localhost CPU,,,,,true,,0,0,0,0,null,0,0,0
1585851556906,0,localhost Disks I/O,,,,,true,,0,0,0,0,null,0,0,0
1585851557907,66979,localhost Memory,,,,,true,,0,0,0,0,null,0,0,0
1585851557907,19756,localhost CPU,,,,,true,,0,0,0,0,null,0,0,0
1585851557907,0,localhost Disks I/O,,,,,true,,0,0,0,0,null,0,0,0
1585851558907,66978,localhost Memory,,,,,true,,0,0,0,0,null,0,0,0
1585851558907,15185,localhost CPU,,,,,true,,0,0,0,0,null,0,0,0
1585851558907,0,localhost Disks I/O,,,,,true,,0,0,0,0,null,0,0,0
1585851559908,66971,localhost Memory,,,,,true,,0,0,0,0,null,0,0,0
1585851559908,15048,localhost CPU,,,,,true,,0,0,0,0,null,0,0,0
1585851559908,0,localhost Disks I/O,,,,,true,,0,0,0,0,null,0,0,0
1585851560909,66984,localhost Memory,,,,,true,,0,0,0,0,null,0,0,0
1585851560909,14413,localhost CPU,,,,,true,,0,0,0,0,null,0,0,0
1585851560909,0,localhost Disks I/O,,,,,true,,0,0,0,0,null,0,0,0
1585851561909,66977,localhost Memory,,,,,true,,0,0,0,0,null,0,0,0
1585851561909,17115,localhost CPU,,,,,true,,0,0,0,0,null,0,0,0
1585851561909,0,localhost Disks I/O,,,,,true,,0,0,0,0,null,0,0,0
1585851562910,66979,localhost Memory,,,,,true,,0,0,0,0,null,0,0,0
1585851562910,16691,localhost CPU,,,,,true,,0,0,0,0,null,0,0,0
1585851562910,0,localhost Disks I/O,,,,,true,,0,0,0,0,null,0,0,0
1585851563910,66992,localhost Memory,,,,,true,,0,0,0,0,null,0,0,0
1585851563910,16774,localhost CPU,,,,,true,,0,0,0,0,null,0,0,0
1585851563910,0,localhost Disks I/O,,,,,true,,0,0,0,0,null,0,0,0
1585851564910,67042,localhost Memory,,,,,true,,0,0,0,0,null,0,0,0
1585851564910,20088,localhost CPU,,,,,true,,0,0,0,0,null,0,0,0
1585851564910,0,localhost Disks I/O,,,,,true,,0,0,0,0,null,0,0,0
1585851565910,67030,localhost Memory,,,,,true,,0,0,0,0,null,0,0,0
1585851565910,14693,localhost CPU,,,,,true,,0,0,0,0,null,0,0,0
1585851565910,0,localhost Disks I/O,,,,,true,,0,0,0,0,null,0,0,0
1585851566911,67024,localhost Memory,,,,,true,,0,0,0,0,null,0,0,0
1585851566911,15961,localhost CPU,,,,,true,,0,0,0,0,null,0,0,0
1585851566911,0,localhost Disks I/O,,,,,true,,0,0,0,0,null,0,0,0
1585851567912,67018,localhost Memory,,,,,true,,0,0,0,0,null,0,0,0
1585851567912,17832,localhost CPU,,,,,true,,0,0,0,0,null,0,0,0
1585851567912,0,localhost Disks I/O,,,,,true,,0,0,0,0,null,0,0,0
1585851568912,67012,localhost Memory,,,,,true,,0,0,0,0,null,0,0,0
1585851568912,17170,localhost CPU,,,,,true,,0,0,0,0,null,0,0,0
1585851568912,0,localhost Disks I/O,,,,,true,,0,0,0,0,null,0,0,0
1585851569913,67012,localhost Memory,,,,,true,,0,0,0,0,null,0,0,0
1585851569913,14417,localhost CPU,,,,,true,,0,0,0,0,null,0,0,0
1585851569913,0,localhost Disks I/O,,,,,true,,0,0,0,0,null,0,0,0
1585851570913,67017,localhost Memory,,,,,true,,0,0,0,0,null,0,0,0
1585851570913,15055,localhost CPU,,,,,true,,0,0,0,0,null,0,0,0
1585851570913,0,localhost Disks I/O,,,,,true,,0,0,0,0,null,0,0,0
1585851571913,67036,localhost Memory,,,,,true,,0,0,0,0,null,0,0,0
1585851571913,17903,localhost CPU,,,,,true,,0,0,0,0,null,0,0,0
1585851571913,0,localhost Disks I/O,,,,,true,,0,0,0,0,null,0,0,0
1585851572913,67035,localhost Memory,,,,,true,,0,0,0,0,null,0,0,0
1585851572913,17200,localhost CPU,,,,,true,,0,0,0,0,null,0,0,0
1585851572913,0,localhost Disks I/O,,,,,true,,0,0,0,0,null,0,0,0
1585851573913,67043,localhost Memory,,,,,true,,0,0,0,0,null,0,0,0
1585851573913,16334,localhost CPU,,,,,true,,0,0,0,0,null,0,0,0
1585851573913,0,localhost Disks I/O,,,,,true,,0,0,0,0,null,0,0,0
1585851574913,67042,localhost Memory,,,,,true,,0,0,0,0,null,0,0,0
1585851574913,19038,localhost CPU,,,,,true,,0,0,0,0,null,0,0,0
1585851574913,0,localhost Disks I/O,,,,,true,,0,0,0,0,null,0,0,0
1585851575914,67072,localhost Memory,,,,,true,,0,0,0,0,null,0,0,0
1585851575914,13689,localhost CPU,,,,,true,,0,0,0,0,null,0,0,0
1585851575914,0,localhost Disks I/O,,,,,true,,0,0,0,0,null,0,0,0
1585851576914,67077,localhost Memory,,,,,true,,0,0,0,0,null,0,0,0
1585851576914,23288,localhost CPU,,,,,true,,0,0,0,0,null,0,0,0
1585851576914,0,localhost Disks I/O,,,,,true,,0,0,0,0,null,0,0,0
1585851577914,67065,localhost Memory,,,,,true,,0,0,0,0,null,0,0,0
1585851577914,13253,localhost CPU,,,,,true,,0,0,0,0,null,0,0,0
1585851577914,0,localhost Disks I/O,,,,,true,,0,0,0,0,null,0,0,0
1585851578915,67053,localhost Memory,,,,,true,,0,0,0,0,null,0,0,0
1585851578915,19058,localhost CPU,,,,,true,,0,0,0,0,null,0,0,0
1585851578915,0,localhost Disks I/O,,,,,true,,0,0,0,0,null,0,0,0
1585851579915,67055,localhost Memory,,,,,true,,0,0,0,0,null,0,0,0
1585851579915,19766,localhost CPU,,,,,true,,0,0,0,0,null,0,0,0
1585851579915,0,localhost Disks I/O,,,,,true,,0,0,0,0,null,0,0,0
1585851580916,67043,localhost Memory,,,,,true,,0,0,0,0,null,0,0,0
1585851580916,13247,localhost CPU,,,,,true,,0,0,0,0,null,0,0,0
1585851580916,0,localhost Disks I/O,,,,,true,,0,0,0,0,null,0,0,0
1585851581917,67029,localhost Memory,,,,,true,,0,0,0,0,null,0,0,0
1585851581917,15143,localhost CPU,,,,,true,,0,0,0,0,null,0,0,0
1585851581917,0,localhost Disks I/O,,,,,true,,0,0,0,0,null,0,0,0
1585851582917,67035,localhost Memory,,,,,true,,0,0,0,0,null,0,0,0
1585851582917,16338,localhost CPU,,,,,true,,0,0,0,0,null,0,0,0
1585851582917,0,localhost Disks I/O,,,,,true,,0,0,0,0,null,0,0,0
1585851583918,67020,localhost Memory,,,,,true,,0,0,0,0,null,0,0,0
1585851583918,16866,localhost CPU,,,,,true,,0,0,0,0,null,0,0,0
1585851583918,0,localhost Disks I/O,,,,,true,,0,0,0,0,null,0,0,0
1585851584919,67005,localhost Memory,,,,,true,,0,0,0,0,null,0,0,0
1585851584919,19545,localhost CPU,,,,,true,,0,0,0,0,null,0,0,0
1585851584919,0,localhost Disks I/O,,,,,true,,0,0,0,0,null,0,0,0
1585851585919,66987,localhost Memory,,,,,true,,0,0,0,0,null,0,0,0
1585851585919,22872,localhost CPU,,,,,true,,0,0,0,0,null,0,0,0
1585851585919,0,localhost Disks I/O,,,,,true,,0,0,0,0,null,0,0,0
1585851586920,66990,localhost Memory,,,,,true,,0,0,0,0,null,0,0,0
1585851586920,12903,localhost CPU,,,,,true,,0,0,0,0,null,0,0,0
1585851586920,0,localhost Disks I/O,,,,,true,,0,0,0,0,null,0,0,0
1585851587921,66975,localhost Memory,,,,,true,,0,0,0,0,null,0,0,0
1585851587921,18208,localhost CPU,,,,,true,,0,0,0,0,null,0,0,0
1585851587921,0,localhost Disks I/O,,,,,true,,0,0,0,0,null,0,0,0
1585851588922,66978,localhost Memory,,,,,true,,0,0,0,0,null,0,0,0
1585851588922,18276,localhost CPU,,,,,true,,0,0,0,0,null,0,0,0
1585851588922,0,localhost Disks I/O,,,,,true,,0,0,0,0,null,0,0,0
1585851589922,67060,localhost Memory,,,,,true,,0,0,0,0,null,0,0,0
1585851589922,16294,localhost CPU,,,,,true,,0,0,0,0,null,0,0,0
1585851589922,1000,localhost Disks I/O,,,,,true,,0,0,0,0,null,0,0,0
1585851590923,67063,localhost Memory,,,,,true,,0,0,0,0,null,0,0,0
1585851590923,18199,localhost CPU,,,,,true,,0,0,0,0,null,0,0,0
1585851590923,0,localhost Disks I/O,,,,,true,,0,0,0,0,null,0,0,0
1585851591924,67065,localhost Memory,,,,,true,,0,0,0,0,null,0,0,0
1585851591924,15171,localhost CPU,,,,,true,,0,0,0,0,null,0,0,0
1585851591924,0,localhost Disks I/O,,,,,true,,0,0,0,0,null,0,0,0
1585851592924,67075,localhost Memory,,,,,true,,0,0,0,0,null,0,0,0
1585851592924,19751,localhost CPU,,,,,true,,0,0,0,0,null,0,0,0
1585851592924,0,localhost Disks I/O,,,,,true,,0,0,0,0,null,0,0,0
1585851593924,67040,localhost Memory,,,,,true,,0,0,0,0,null,0,0,0
1585851593924,19746,localhost CPU,,,,,true,,0,0,0,0,null,0,0,0
1585851593924,0,localhost Disks I/O,,,,,true,,0,0,0,0,null,0,0,0
1585851594924,67042,localhost Memory,,,,,true,,0,0,0,0,null,0,0,0
1585851594924,19042,localhost CPU,,,,,true,,0,0,0,0,null,0,0,0
1585851594924,0,localhost Disks I/O,,,,,true,,0,0,0,0,null,0,0,0
1585851595924,67027,localhost Memory,,,,,true,,0,0,0,0,null,0,0,0
1585851595924,14338,localhost CPU,,,,,true,,0,0,0,0,null,0,0,0
1585851595924,0,localhost Disks I/O,,,,,true,,0,0,0,0,null,0,0,0
1585851596925,67016,localhost Memory,,,,,true,,0,0,0,0,null,0,0,0
1585851596925,17655,localhost CPU,,,,,true,,0,0,0,0,null,0,0,0
1585851596925,0,localhost Disks I/O,,,,,true,,0,0,0,0,null,0,0,0
1585851597925,67017,localhost Memory,,,,,true,,0,0,0,0,null,0,0,0
1585851597925,17928,localhost CPU,,,,,true,,0,0,0,0,null,0,0,0
1585851597925,0,localhost Disks I/O,,,,,true,,0,0,0,0,null,0,0,0
1585851598925,67000,localhost Memory,,,,,true,,0,0,0,0,null,0,0,0
1585851598925,18297,localhost CPU,,,,,true,,0,0,0,0,null,0,0,0
1585851598925,0,localhost Disks I/O,,,,,true,,0,0,0,0,null,0,0,0
1585851599925,66993,localhost Memory,,,,,true,,0,0,0,0,null,0,0,0
1585851599925,20325,localhost CPU,,,,,true,,0,0,0,0,null,0,0,0
1585851599925,0,localhost Disks I/O,,,,,true,,0,0,0,0,null,0,0,0
1585851600926,66986,localhost Memory,,,,,true,,0,0,0,0,null,0,0,0
1585851600926,14710,localhost CPU,,,,,true,,0,0,0,0,null,0,0,0
1585851600926,0,localhost Disks I/O,,,,,true,,0,0,0,0,null,0,0,0
1585851601926,66996,localhost Memory,,,,,true,,0,0,0,0,null,0,0,0
1585851601926,10549,localhost CPU,,,,,true,,0,0,0,0,null,0,0,0
1585851601926,0,localhost Disks I/O,,,,,true,,0,0,0,0,null,0,0,0
1585851602926,66995,localhost Memory,,,,,true,,0,0,0,0,null,0,0,0
1585851602926,15422,localhost CPU,,,,,true,,0,0,0,0,null,0,0,0
1585851602926,0,localhost Disks I/O,,,,,true,,0,0,0,0,null,0,0,0
1585851603927,66991,localhost Memory,,,,,true,,0,0,0,0,null,0,0,0
1585851603927,12851,localhost CPU,,,,,true,,0,0,0,0,null,0,0,0
1585851603927,0,localhost Disks I/O,,,,,true,,0,0,0,0,null,0,0,0
1585851604928,66989,localhost Memory,,,,,true,,0,0,0,0,null,0,0,0
1585851604928,10860,localhost CPU,,,,,true,,0,0,0,0,null,0,0,0
1585851604928,0,localhost Disks I/O,,,,,true,,0,0,0,0,null,0,0,0
1585851605928,66989,localhost Memory,,,,,true,,0,0,0,0,null,0,0,0
1585851605928,12878,localhost CPU,,,,,true,,0,0,0,0,null,0,0,0
1585851605928,0,localhost Disks I/O,,,,,true,,0,0,0,0,null,0,0,0
1585851606929,66988,localhost Memory,,,,,true,,0,0,0,0,null,0,0,0
1585851606929,11327,localhost CPU,,,,,true,,0,0,0,0,null,0,0,0
1585851606929,0,localhost Disks I/O,,,,,true,,0,0,0,0,null,0,0,0
1585851607929,66990,localhost Memory,,,,,true,,0,0,0,0,null,0,0,0
1585851607929,11237,localhost CPU,,,,,true,,0,0,0,0,null,0,0,0
1585851607929,0,localhost Disks I/O,,,,,true,,0,0,0,0,null,0,0,0
1585851608929,66989,localhost Memory,,,,,true,,0,0,0,0,null,0,0,0
1585851608929,13120,localhost CPU,,,,,true,,0,0,0,0,null,0,0,0
1585851608929,0,localhost Disks I/O,,,,,true,,0,0,0,0,null,0,0,0
1585851609930,66992,localhost Memory,,,,,true,,0,0,0,0,null,0,0,0
1585851609930,12098,localhost CPU,,,,,true,,0,0,0,0,null,0,0,0
1585851609930,0,localhost Disks I/O,,,,,true,,0,0,0,0,null,0,0,0
1585851610930,66991,localhost Memory,,,,,true,,0,0,0,0,null,0,0,0
1585851610930,14828,localhost CPU,,,,,true,,0,0,0,0,null,0,0,0
1585851610930,0,localhost Disks I/O,,,,,true,,0,0,0,0,null,0,0,0
1585851611930,66991,localhost Memory,,,,,true,,0,0,0,0,null,0,0,0
1585851611930,12450,localhost CPU,,,,,true,,0,0,0,0,null,0,0,0
1585851611930,0,localhost Disks I/O,,,,,true,,0,0,0,0,null,0,0,0
1585851612931,66990,localhost Memory,,,,,true,,0,0,0,0,null,0,0,0
1585851612931,12076,localhost CPU,,,,,true,,0,0,0,0,null,0,0,0
1585851612931,0,localhost Disks I/O,,,,,true,,0,0,0,0,null,0,0,0
1585851613931,66990,localhost Memory,,,,,true,,0,0,0,0,null,0,0,0
1585851613931,14275,localhost CPU,,,,,true,,0,0,0,0,null,0,0,0
1585851613931,0,localhost Disks I/O,,,,,true,,0,0,0,0,null,0,0,0
